Task 1:
andrey@utm-vm:~$ mkdir fcw
andrey@utm-vm:~$ cd fcw/
andrey@utm-vm:~/fcw$ cat > pet
dogs, cats, hamsters
^C
andrey@utm-vm:~/fcw$ cat pet
dogs, cats, hamsters
andrey@utm-vm:~/fcw$ cat > pack
horses, camels, donkeys
^C
andrey@utm-vm:~/fcw$ cat pack 
horses, camels, donkeys
andrey@utm-vm:~/fcw$ 
andrey@utm-vm:~/fcw$ cat pet >> pack 
andrey@utm-vm:~/fcw$ cat pack 
horses, camels, donkeys
dogs, cats, hamsters



Task 2:
andrey@utm-vm:~/fcw$ mkdir animals
andrey@utm-vm:~/fcw$ ls -l
total 12
drwxrwxr-x 2 andrey andrey 4096 сен  4 17:01 animals
-rw-rw-r-- 1 andrey andrey   45 сен  4 16:52 mens_friends
-rw-rw-r-- 1 andrey andrey   21 сен  4 16:37 pet
andrey@utm-vm:~/fcw$ mv mens_friends animals/
andrey@utm-vm:~/fcw$ ls -l
total 8
drwxrwxr-x 2 andrey andrey 4096 сен  4 17:03 animals
-rw-rw-r-- 1 andrey andrey   21 сен  4 16:37 pet
andrey@utm-vm:~/fcw$ cd animals/
andrey@utm-vm:~/fcw/animals$ ls -l
total 4
-rw-rw-r-- 1 andrey andrey 45 сен  4 16:52 mens_friends



Task 3:
andrey@utm-vm:~/fcw$ sudo apt update
[sudo] password for andrey: 
Hit:1 https://download.docker.com/linux/ubuntu jammy InRelease
Hit:2 http://ru.ports.ubuntu.com/ubuntu-ports jammy InRelease
Hit:3 http://ports.ubuntu.com/ubuntu-ports jammy-security InRelease
Hit:4 http://ru.ports.ubuntu.com/ubuntu-ports jammy-updates InRelease
Hit:5 http://ports.ubuntu.com/ubuntu-ports jammy-proposed InRelease
Hit:6 http://ru.ports.ubuntu.com/ubuntu-ports jammy-backports InRelease
Reading package lists... Done
Building dependency tree... Done
Reading state information... Done
All packages are up to date.
andrey@utm-vm:~/fcw$ apt install mysql-server
E: Could not open lock file /var/lib/dpkg/lock-frontend - open (13: Permission denied)
E: Unable to acquire the dpkg frontend lock (/var/lib/dpkg/lock-frontend), are you root?
andrey@utm-vm:~/fcw$ sudo !!
sudo apt install mysql-server
Reading package lists... Done
Building dependency tree... Done
Reading state information... Done
The following additional packages will be installed:
  libcgi-fast-perl libcgi-pm-perl libevent-core-2.1-7 libevent-pthreads-2.1-7 libfcgi-bin
  libfcgi-perl libfcgi0ldbl libhtml-template-perl libmecab2 libprotobuf-lite23 mecab-ipadic
  mecab-ipadic-utf8 mecab-utils mysql-client-8.0 mysql-client-core-8.0 mysql-common mysql-server-8.0
  mysql-server-core-8.0
Suggested packages:
  libipc-sharedcache-perl mailx tinyca
The following NEW packages will be installed:
  libcgi-fast-perl libcgi-pm-perl libevent-core-2.1-7 libevent-pthreads-2.1-7 libfcgi-bin
  libfcgi-perl libfcgi0ldbl libhtml-template-perl libmecab2 libprotobuf-lite23 mecab-ipadic
  mecab-ipadic-utf8 mecab-utils mysql-client-8.0 mysql-client-core-8.0 mysql-common mysql-server
  mysql-server-8.0 mysql-server-core-8.0
0 upgraded, 19 newly installed, 0 to remove and 0 not upgraded.
Need to get 28,8 MB of archives.
After this operation, 237 MB of additional disk space will be used.
Do you want to continue? [Y/n] y
Get:1 http://ru.ports.ubuntu.com/ubuntu-ports jammy/main arm64 mysql-common all 5.8+1.0.8 [7 212 B]
Get:2 http://ru.ports.ubuntu.com/ubuntu-ports jammy-updates/main arm64 mysql-client-core-8.0 arm64 8.0.34-0ubuntu0.22.04.1 [2 973 kB]
Get:3 http://ru.ports.ubuntu.com/ubuntu-ports jammy-updates/main arm64 mysql-client-8.0 arm64 8.0.34-0ubuntu0.22.04.1 [22,7 kB]
Get:4 http://ru.ports.ubuntu.com/ubuntu-ports jammy/main arm64 libevent-core-2.1-7 arm64 2.1.12-stable-1build3 [91,1 kB]
Get:5 http://ru.ports.ubuntu.com/ubuntu-ports jammy/main arm64 libevent-pthreads-2.1-7 arm64 2.1.12-stable-1build3 [7 588 B]
Get:6 http://ru.ports.ubuntu.com/ubuntu-ports jammy/main arm64 libmecab2 arm64 0.996-14build9 [188 kB]
Get:7 http://ru.ports.ubuntu.com/ubuntu-ports jammy-updates/main arm64 libprotobuf-lite23 arm64 3.12.4-1ubuntu7.22.04.1 [192 kB]
Get:8 http://ru.ports.ubuntu.com/ubuntu-ports jammy-updates/main arm64 mysql-server-core-8.0 arm64 8.0.34-0ubuntu0.22.04.1 [17,0 MB]
Get:9 http://ru.ports.ubuntu.com/ubuntu-ports jammy-updates/main arm64 mysql-server-8.0 arm64 8.0.34-0ubuntu0.22.04.1 [1 237 kB]
Get:10 http://ru.ports.ubuntu.com/ubuntu-ports jammy/main arm64 libcgi-pm-perl all 4.54-1 [188 kB]   
Get:11 http://ru.ports.ubuntu.com/ubuntu-ports jammy/main arm64 libfcgi0ldbl arm64 2.4.2-2build2 [28,0 kB]
Get:12 http://ru.ports.ubuntu.com/ubuntu-ports jammy/main arm64 libfcgi-perl arm64 0.82+ds-1build1 [22,3 kB]
Get:13 http://ru.ports.ubuntu.com/ubuntu-ports jammy/main arm64 libcgi-fast-perl all 1:2.15-1 [10,5 kB]
Get:14 http://ru.ports.ubuntu.com/ubuntu-ports jammy/main arm64 libfcgi-bin arm64 2.4.2-2build2 [10,7 kB]
Get:15 http://ru.ports.ubuntu.com/ubuntu-ports jammy/main arm64 libhtml-template-perl all 2.97-1.1 [59,1 kB]
Get:16 http://ru.ports.ubuntu.com/ubuntu-ports jammy/main arm64 mecab-utils arm64 0.996-14build9 [4 830 B]
Get:17 http://ru.ports.ubuntu.com/ubuntu-ports jammy/main arm64 mecab-ipadic all 2.7.0-20070801+main-3 [6 718 kB]
Get:18 http://ru.ports.ubuntu.com/ubuntu-ports jammy/main arm64 mecab-ipadic-utf8 all 2.7.0-20070801+main-3 [4 384 B]
Get:19 http://ru.ports.ubuntu.com/ubuntu-ports jammy-updates/main arm64 mysql-server all 8.0.34-0ubuntu0.22.04.1 [9 460 B]
Fetched 28,8 MB in 27s (1 067 kB/s)                                                                  
Preconfiguring packages ...
Selecting previously unselected package mysql-common.
(Reading database ... 195454 files and directories currently installed.)
Preparing to unpack .../0-mysql-common_5.8+1.0.8_all.deb ...
Unpacking mysql-common (5.8+1.0.8) ...
Selecting previously unselected package mysql-client-core-8.0.
Preparing to unpack .../1-mysql-client-core-8.0_8.0.34-0ubuntu0.22.04.1_arm64.deb ...
Unpacking mysql-client-core-8.0 (8.0.34-0ubuntu0.22.04.1) ...
Selecting previously unselected package mysql-client-8.0.
Preparing to unpack .../2-mysql-client-8.0_8.0.34-0ubuntu0.22.04.1_arm64.deb ...
Unpacking mysql-client-8.0 (8.0.34-0ubuntu0.22.04.1) ...
Selecting previously unselected package libevent-core-2.1-7:arm64.
Preparing to unpack .../3-libevent-core-2.1-7_2.1.12-stable-1build3_arm64.deb ...
Unpacking libevent-core-2.1-7:arm64 (2.1.12-stable-1build3) ...
Selecting previously unselected package libevent-pthreads-2.1-7:arm64.
Preparing to unpack .../4-libevent-pthreads-2.1-7_2.1.12-stable-1build3_arm64.deb ...
Unpacking libevent-pthreads-2.1-7:arm64 (2.1.12-stable-1build3) ...
Selecting previously unselected package libmecab2:arm64.
Preparing to unpack .../5-libmecab2_0.996-14build9_arm64.deb ...
Unpacking libmecab2:arm64 (0.996-14build9) ...
Selecting previously unselected package libprotobuf-lite23:arm64.
Preparing to unpack .../6-libprotobuf-lite23_3.12.4-1ubuntu7.22.04.1_arm64.deb ...
Unpacking libprotobuf-lite23:arm64 (3.12.4-1ubuntu7.22.04.1) ...
Selecting previously unselected package mysql-server-core-8.0.
Preparing to unpack .../7-mysql-server-core-8.0_8.0.34-0ubuntu0.22.04.1_arm64.deb ...
Unpacking mysql-server-core-8.0 (8.0.34-0ubuntu0.22.04.1) ...
Setting up mysql-common (5.8+1.0.8) ...
update-alternatives: using /etc/mysql/my.cnf.fallback to provide /etc/mysql/my.cnf (my.cnf) in auto mode
Selecting previously unselected package mysql-server-8.0.
(Reading database ... 195673 files and directories currently installed.)
Preparing to unpack .../00-mysql-server-8.0_8.0.34-0ubuntu0.22.04.1_arm64.deb ...
Unpacking mysql-server-8.0 (8.0.34-0ubuntu0.22.04.1) ...
Selecting previously unselected package libcgi-pm-perl.
Preparing to unpack .../01-libcgi-pm-perl_4.54-1_all.deb ...
Unpacking libcgi-pm-perl (4.54-1) ...
Selecting previously unselected package libfcgi0ldbl:arm64.
Preparing to unpack .../02-libfcgi0ldbl_2.4.2-2build2_arm64.deb ...
Unpacking libfcgi0ldbl:arm64 (2.4.2-2build2) ...
Selecting previously unselected package libfcgi-perl:arm64.
Preparing to unpack .../03-libfcgi-perl_0.82+ds-1build1_arm64.deb ...
Unpacking libfcgi-perl:arm64 (0.82+ds-1build1) ...
Selecting previously unselected package libcgi-fast-perl.
Preparing to unpack .../04-libcgi-fast-perl_1%3a2.15-1_all.deb ...
Unpacking libcgi-fast-perl (1:2.15-1) ...
Selecting previously unselected package libfcgi-bin.
Preparing to unpack .../05-libfcgi-bin_2.4.2-2build2_arm64.deb ...
Unpacking libfcgi-bin (2.4.2-2build2) ...
Selecting previously unselected package libhtml-template-perl.
Preparing to unpack .../06-libhtml-template-perl_2.97-1.1_all.deb ...
Unpacking libhtml-template-perl (2.97-1.1) ...
Selecting previously unselected package mecab-utils.
Preparing to unpack .../07-mecab-utils_0.996-14build9_arm64.deb ...
Unpacking mecab-utils (0.996-14build9) ...
Selecting previously unselected package mecab-ipadic.
Preparing to unpack .../08-mecab-ipadic_2.7.0-20070801+main-3_all.deb ...
Unpacking mecab-ipadic (2.7.0-20070801+main-3) ...
Selecting previously unselected package mecab-ipadic-utf8.
Preparing to unpack .../09-mecab-ipadic-utf8_2.7.0-20070801+main-3_all.deb ...
Unpacking mecab-ipadic-utf8 (2.7.0-20070801+main-3) ...
Selecting previously unselected package mysql-server.
Preparing to unpack .../10-mysql-server_8.0.34-0ubuntu0.22.04.1_all.deb ...
Unpacking mysql-server (8.0.34-0ubuntu0.22.04.1) ...
Setting up libmecab2:arm64 (0.996-14build9) ...
Setting up mysql-client-core-8.0 (8.0.34-0ubuntu0.22.04.1) ...
Setting up libfcgi0ldbl:arm64 (2.4.2-2build2) ...
Setting up libcgi-pm-perl (4.54-1) ...
Setting up libfcgi-bin (2.4.2-2build2) ...
Setting up libhtml-template-perl (2.97-1.1) ...
Setting up libprotobuf-lite23:arm64 (3.12.4-1ubuntu7.22.04.1) ...
Setting up mecab-utils (0.996-14build9) ...
Setting up libevent-core-2.1-7:arm64 (2.1.12-stable-1build3) ...
Setting up mysql-client-8.0 (8.0.34-0ubuntu0.22.04.1) ...
Setting up libfcgi-perl:arm64 (0.82+ds-1build1) ...
Setting up libevent-pthreads-2.1-7:arm64 (2.1.12-stable-1build3) ...
Setting up mecab-ipadic (2.7.0-20070801+main-3) ...
Compiling IPA dictionary for Mecab.  This takes long time...
reading /usr/share/mecab/dic/ipadic/unk.def ... 40
emitting double-array: 100% |###########################################| 
/usr/share/mecab/dic/ipadic/model.def is not found. skipped.
reading /usr/share/mecab/dic/ipadic/Adj.csv ... 27210
reading /usr/share/mecab/dic/ipadic/Noun.csv ... 60477
reading /usr/share/mecab/dic/ipadic/Noun.others.csv ... 151
reading /usr/share/mecab/dic/ipadic/Adverb.csv ... 3032
reading /usr/share/mecab/dic/ipadic/Suffix.csv ... 1393
reading /usr/share/mecab/dic/ipadic/Noun.org.csv ... 16668
reading /usr/share/mecab/dic/ipadic/Auxil.csv ... 199
reading /usr/share/mecab/dic/ipadic/Postp-col.csv ... 91
reading /usr/share/mecab/dic/ipadic/Noun.place.csv ... 72999
reading /usr/share/mecab/dic/ipadic/Noun.adjv.csv ... 3328
reading /usr/share/mecab/dic/ipadic/Noun.nai.csv ... 42
reading /usr/share/mecab/dic/ipadic/Interjection.csv ... 252
reading /usr/share/mecab/dic/ipadic/Noun.verbal.csv ... 12146
reading /usr/share/mecab/dic/ipadic/Noun.name.csv ... 34202
reading /usr/share/mecab/dic/ipadic/Verb.csv ... 130750
reading /usr/share/mecab/dic/ipadic/Others.csv ... 2
reading /usr/share/mecab/dic/ipadic/Prefix.csv ... 221
reading /usr/share/mecab/dic/ipadic/Conjunction.csv ... 171
reading /usr/share/mecab/dic/ipadic/Adnominal.csv ... 135
reading /usr/share/mecab/dic/ipadic/Symbol.csv ... 208
reading /usr/share/mecab/dic/ipadic/Noun.demonst.csv ... 120
reading /usr/share/mecab/dic/ipadic/Noun.proper.csv ... 27328
reading /usr/share/mecab/dic/ipadic/Postp.csv ... 146
reading /usr/share/mecab/dic/ipadic/Filler.csv ... 19
reading /usr/share/mecab/dic/ipadic/Noun.adverbal.csv ... 795
reading /usr/share/mecab/dic/ipadic/Noun.number.csv ... 42
emitting double-array: 100% |###########################################| 
reading /usr/share/mecab/dic/ipadic/matrix.def ... 1316x1316
emitting matrix      : 100% |###########################################| 

done!
update-alternatives: using /var/lib/mecab/dic/ipadic to provide /var/lib/mecab/dic/debian (mecab-dictionary) in auto mode
Setting up libcgi-fast-perl (1:2.15-1) ...
Setting up mysql-server-core-8.0 (8.0.34-0ubuntu0.22.04.1) ...
Setting up mecab-ipadic-utf8 (2.7.0-20070801+main-3) ...
Compiling IPA dictionary for Mecab.  This takes long time...
reading /usr/share/mecab/dic/ipadic/unk.def ... 40
emitting double-array: 100% |###########################################| 
/usr/share/mecab/dic/ipadic/model.def is not found. skipped.
reading /usr/share/mecab/dic/ipadic/Adj.csv ... 27210
reading /usr/share/mecab/dic/ipadic/Noun.csv ... 60477
reading /usr/share/mecab/dic/ipadic/Noun.others.csv ... 151
reading /usr/share/mecab/dic/ipadic/Adverb.csv ... 3032
reading /usr/share/mecab/dic/ipadic/Suffix.csv ... 1393
reading /usr/share/mecab/dic/ipadic/Noun.org.csv ... 16668
reading /usr/share/mecab/dic/ipadic/Auxil.csv ... 199
reading /usr/share/mecab/dic/ipadic/Postp-col.csv ... 91
reading /usr/share/mecab/dic/ipadic/Noun.place.csv ... 72999
reading /usr/share/mecab/dic/ipadic/Noun.adjv.csv ... 3328
reading /usr/share/mecab/dic/ipadic/Noun.nai.csv ... 42
reading /usr/share/mecab/dic/ipadic/Interjection.csv ... 252
reading /usr/share/mecab/dic/ipadic/Noun.verbal.csv ... 12146
reading /usr/share/mecab/dic/ipadic/Noun.name.csv ... 34202
reading /usr/share/mecab/dic/ipadic/Verb.csv ... 130750
reading /usr/share/mecab/dic/ipadic/Others.csv ... 2
reading /usr/share/mecab/dic/ipadic/Prefix.csv ... 221
reading /usr/share/mecab/dic/ipadic/Conjunction.csv ... 171
reading /usr/share/mecab/dic/ipadic/Adnominal.csv ... 135
reading /usr/share/mecab/dic/ipadic/Symbol.csv ... 208
reading /usr/share/mecab/dic/ipadic/Noun.demonst.csv ... 120
reading /usr/share/mecab/dic/ipadic/Noun.proper.csv ... 27328
reading /usr/share/mecab/dic/ipadic/Postp.csv ... 146
reading /usr/share/mecab/dic/ipadic/Filler.csv ... 19
reading /usr/share/mecab/dic/ipadic/Noun.adverbal.csv ... 795
reading /usr/share/mecab/dic/ipadic/Noun.number.csv ... 42
emitting double-array: 100% |###########################################| 
reading /usr/share/mecab/dic/ipadic/matrix.def ... 1316x1316
emitting matrix      : 100% |###########################################| 

done!
update-alternatives: using /var/lib/mecab/dic/ipadic-utf8 to provide /var/lib/mecab/dic/debian (mecab-dictionary) in auto mode
Setting up mysql-server-8.0 (8.0.34-0ubuntu0.22.04.1) ...
update-alternatives: using /etc/mysql/mysql.cnf to provide /etc/mysql/my.cnf (my.cnf) in auto mode
Renaming removed key_buffer and myisam-recover options (if present)
mysqld will log errors to /var/log/mysql/error.log
mysqld is running as pid 5669
Created symlink /etc/systemd/system/multi-user.target.wants/mysql.service → /lib/systemd/system/mysql.service.
Setting up mysql-server (8.0.34-0ubuntu0.22.04.1) ...
Processing triggers for man-db (2.10.2-1) ...
Processing triggers for libc-bin (2.35-0ubuntu3.3) ...

andrey@utm-vm:~/fcw$ wget https://dev.mysql.com/get/mysql-apt-config_0.8.25-1_all.deb
--2023-09-04 17:22:53--  https://dev.mysql.com/get/mysql-apt-config_0.8.25-1_all.deb
Resolving dev.mysql.com (dev.mysql.com)... 23.61.243.80, 2001:2030:21:1a9::2e31, 2001:2030:21:19e::2e31
Connecting to dev.mysql.com (dev.mysql.com)|23.61.243.80|:443... connected.
HTTP request sent, awaiting response... 302 Moved Temporarily
Location: https://repo.mysql.com//mysql-apt-config_0.8.25-1_all.deb [following]
--2023-09-04 17:22:54--  https://repo.mysql.com//mysql-apt-config_0.8.25-1_all.deb
Resolving repo.mysql.com (repo.mysql.com)... 184.50.200.228, 2a02:26f0:9500:b83::1d68, 2a02:26f0:9500:b8a::1d68
Connecting to repo.mysql.com (repo.mysql.com)|184.50.200.228|:443... connected.
HTTP request sent, awaiting response... 200 OK
Length: 18120 (18K) [application/x-debian-package]
Saving to: ‘mysql-apt-config_0.8.25-1_all.deb.2’

mysql-apt-config_0.8.25-1_all.d 100%[======================================================>]  17,70K  --.-KB/s    in 0s      

2023-09-04 17:22:54 (78,5 MB/s) - ‘mysql-apt-config_0.8.25-1_all.deb.2’ saved [18120/18120]



Task 4:
andrey@utm-vm:~/fcw$ dpkg -i mysql-apt-config_0.8.25-1_all.deb
dpkg: error: requested operation requires superuser privilege
andrey@utm-vm:~/fcw$ sudo !!
sudo dpkg -i mysql-apt-config_0.8.25-1_all.deb
Selecting previously unselected package mysql-apt-config.
(Reading database ... 195840 files and directories currently installed.)
Preparing to unpack mysql-apt-config_0.8.25-1_all.deb ...
Unpacking mysql-apt-config (0.8.25-1) ...
Setting up mysql-apt-config (0.8.25-1) ...
andrey@utm-vm:~/fcw$ sudo dpkg -r mysql-apt-config
(Reading database ... 195845 files and directories currently installed.)
Removing mysql-apt-config (0.8.25-1) ...



Task 5:
andrey@utm-vm:~/fcw$ history
10  mkdir fcw
11  cd fcw/
12  ls -l
13  cat > pet
14  cat pet
15  cat > pack
16  cat pack 
17  cat pet >> pack 
18  cat pack 
19  mv pack mens_friends
20  ls -l
21  mkdir animals
22  ls -l
23  mv mens_friends animals/
24  ls -l
25  cd animals/
26  ls -l
27  cd -
28  sudo apt update
29  apt install mysql-server
30  sudo apt install mysql-server
31  sudo apt update
32  wget https://dev.mysql.com/get/mysql-apt-config_0.8.25-1_all.deb
33  dpkg -i mysql-apt-config_0.8.25-1_all.deb
34  sudo dpkg -i mysql-apt-config_0.8.25-1_all.deb
35  sudo dpkg -r mysql-apt-config
36  history



Task 7:
andrey@utm-vm:~/fcw$ sudo mysql
Welcome to the MySQL monitor.  Commands end with ; or \g.
Your MySQL connection id is 8
Server version: 8.0.34-0ubuntu0.22.04.1 (Ubuntu)

Copyright (c) 2000, 2023, Oracle and/or its affiliates.

Oracle is a registered trademark of Oracle Corporation and/or its
affiliates. Other names may be trademarks of their respective
owners.

Type 'help;' or '\h' for help. Type '\c' to clear the current input statement.

mysql> create database mans_friends;
Query OK, 1 row affected (0,02 sec)

mysql> use mans_friends;
Database changed



Task 8:
mysql> create table `animals` (
    -> id int unsigned not null auto_increment primary key unique,
    -> animals_class varchar(30)
    -> );
Query OK, 0 rows affected (0,03 sec)

mysql> create table `dogs` (
    -> id int unsigned not null auto_increment unique,
    -> `name` varchar(50) not null,
    -> `commands` varchar(100) not null,
    -> `birthday` date not null,
    -> `animals_class_id` int unsigned not null,
    -> foreign key (`animals_class_id`) references `animals` (`id`) on delete cascade
    -> );
Query OK, 0 rows affected (0,04 sec)

create table `cats` (
    -> id int unsigned not null auto_increment unique,
    -> `name` varchar(50) not null,
    -> `commands` varchar(100) not null,
    -> `birthday` date not null,
    -> `animals_class_id` int unsigned not null,
    -> foreign key (`animals_class_id`) references `animals` (`id`) on delete cascade
    -> );
Query OK, 0 rows affected (0,05 sec)

mysql> create table `hamsters` (
    -> id int unsigned not null auto_increment unique,
    -> `name` varchar(50) not null,
    -> `commands` varchar(100) not null,
    -> `birthday` date not null,
    -> `animals_class_id` int unsigned not null,
    -> foreign key (`animals_class_id`) references `animals` (`id`) on delete cascade
    -> );
Query OK, 0 rows affected (0,04 sec)

mysql> create table `horses` (
    -> id int unsigned not null auto_increment unique,
    -> `name` varchar(50) not null,
    -> `commands` varchar(100) not null,
    -> `birthday` date not null,
    -> `animals_class_id` int unsigned not null,
    -> foreign key (`animals_class_id`) references `animals` (`id`) on delete cascade
    -> );
Query OK, 0 rows affected (0,04 sec)

mysql> create table `camels` (
    -> id int unsigned not null auto_increment unique,
    -> `name` varchar(50) not null,
    -> `commands` varchar(100) not null,
    -> `birthday` date not null,
    -> `animals_class_id` int unsigned not null,
    -> foreign key (`animals_class_id`) references `animals` (`id`) on delete cascade
    -> );
Query OK, 0 rows affected (0,06 sec)

mysql> create table `donkeys` (
    -> id int unsigned not null auto_increment unique,
    -> `name` varchar(50) not null,
    -> `commands` varchar(100) not null,
    -> `birthday` date not null,
    -> `animals_class_id` int unsigned not null,
    -> foreign key (`animals_class_id`) references `animals` (`id`) on delete cascade
    -> );
Query OK, 0 rows affected (0,04 sec)

mysql> show tables from mans_friends;
+------------------------+
| Tables_in_mans_friends |
+------------------------+
| animals                |
| camels                 |
| cats                   |
| dogs                   |
| donkeys                |
| hamsters               |
| horses                 |
+------------------------+
7 rows in set (0,00 sec)



Task 9:
mysql> insert into `mans_friends`.`animals` (`id`, `animals_class`) values ('1', 'pet'), ('2', 'pack');
Query OK, 2 rows affected (0,02 sec)
Records: 2  Duplicates: 0  Warnings: 0

mysql> insert into `mans_friends`.`dogs` (`name`, `commands`, `birthday`, `animals_class_id`) values
    -> ('Jimbo', 'Sit, Stay, Fetch', '2020-05-15', 1),
    -> ('Doony', 'Speak, Catch', '2021-03-25', 1),
    -> ('Mars', 'Sit', '2023-01-10', 1);
Query OK, 3 rows affected (0,02 sec)
Records: 3  Duplicates: 0  Warnings: 0

mysql> select * from dogs;
+----+-------+------------------+------------+------------------+
| id | name  | commands         | birthday   | animals_class_id |
+----+-------+------------------+------------+------------------+
|  1 | Jimbo | Sit, Stay, Fetch | 2020-05-15 |                1 |
|  2 | Doony | Speak, Catch     | 2021-03-25 |                1 |
|  3 | Mars  | Sit              | 2023-01-10 |                1 |
+----+-------+------------------+------------+------------------+
3 rows in set (0,00 sec)

mysql> insert into `mans_friends`.`cats` (`name`, `commands`, `birthday`, `animals_class_id`) values
    -> ('Mikka', 'Eat, Sleep', '2020-06-16', 1),
    -> ('Axel', 'Eat, Play', '2021-10-21', 1),
    -> ('Eva', 'Eat', '2023-04-14', 1);
Query OK, 3 rows affected (0,03 sec)
Records: 3  Duplicates: 0  Warnings: 0

mysql> select * from cats;
+----+-------+------------+------------+------------------+
| id | name  | commands   | birthday   | animals_class_id |
+----+-------+------------+------------+------------------+
|  1 | Mikka | Eat, Sleep | 2020-06-16 |                1 |
|  2 | Axel  | Eat, Play  | 2021-10-21 |                1 |
|  3 | Eva   | Eat        | 2023-04-14 |                1 |
+----+-------+------------+------------+------------------+
3 rows in set (0,00 sec)

mysql> insert into `mans_friends`.`hamsters` (`name`, `commands`, `birthday`, `animals_class_id`) values
    -> ('Homm', 'Run', '2023-02-11', 1),
    -> ('Cony', 'Sleep', '2023-02-11', 1);
Query OK, 2 rows affected (0,03 sec)
Records: 2  Duplicates: 0  Warnings: 0

mysql> select * from hamsters;
+----+------+----------+------------+------------------+
| id | name | commands | birthday   | animals_class_id |
+----+------+----------+------------+------------------+
|  1 | Homm | Run      | 2023-02-11 |                1 |
|  2 | Cony | Sleep    | 2023-02-11 |                1 |
+----+------+----------+------------+------------------+
2 rows in set (0,00 sec)

mysql> insert into `mans_friends`.`horses` (`name`, `commands`, `birthday`, `animals_class_id`) values
    -> ('Barbaro', 'Gallop, Jump', '2020-08-09', 2),
    -> ('Whisky', 'Gallop, Trot', '2021-07-19', 2),
    -> ('Took', 'Gallop', '2022-11-22', 2);
Query OK, 3 rows affected (0,02 sec)
Records: 3  Duplicates: 0  Warnings: 0

mysql> select * from horses;
+----+---------+--------------+------------+------------------+
| id | name    | commands     | birthday   | animals_class_id |
+----+---------+--------------+------------+------------------+
|  1 | Barbaro | Gallop, Jump | 2020-08-09 |                2 |
|  2 | Whisky  | Gallop, Trot | 2021-07-19 |                2 |
|  3 | Took    | Gallop       | 2022-11-22 |                2 |
+----+---------+--------------+------------+------------------+
3 rows in set (0,01 sec)

mysql> insert into `mans_friends`.`camels` (`name`, `commands`, `birthday`, `animals_class_id`) values
    -> ('Azur', 'Gallop', '2021-09-08', 2),
    -> ('Jam', 'Run', '2022-04-03', 2);
Query OK, 2 rows affected (0,02 sec)
Records: 2  Duplicates: 0  Warnings: 0

mysql> select * from camels;
+----+------+----------+------------+------------------+
| id | name | commands | birthday   | animals_class_id |
+----+------+----------+------------+------------------+
|  1 | Azur | Gallop   | 2021-09-08 |                2 |
|  2 | Jam  | Run      | 2022-04-03 |                2 |
+----+------+----------+------------+------------------+
2 rows in set (0,00 sec)

mysql> insert into `mans_friends`.`donkeys` (`name`, `commands`, `birthday`, `animals_class_id`) values
    -> ('Bob', 'Carry', '2021-11-12', 2),
    -> ('Moon', 'Follow', '2021-10-23', 2);
Query OK, 2 rows affected (0,02 sec)
Records: 2  Duplicates: 0  Warnings: 0

mysql> select * from donkeys;
+----+------+----------+------------+------------------+
| id | name | commands | birthday   | animals_class_id |
+----+------+----------+------------+------------------+
|  1 | Bob  | Carry    | 2021-11-12 |                2 |
|  2 | Moon | Follow   | 2021-10-23 |                2 |
+----+------+----------+------------+------------------+
2 rows in set (0,00 sec)



Task 10:
mysql> drop table `camels`;
Query OK, 0 rows affected (0,04 sec)

mysql> show tables from mans_friends;
+------------------------+
| Tables_in_mans_friends |
+------------------------+
| animals                |
| cats                   |
| dogs                   |
| donkeys                |
| hamsters               |
| horses                 |
+------------------------+
6 rows in set (0,01 sec)

mysql> create table `horses_donkeys` (
    -> id int unsigned not null auto_increment unique,
    -> `name`varchar(50) not null,
    -> `commands` varchar(100) not null,
    -> `birthday` date not null,
    -> `animal_class_id` int unsigned not null,
    -> `species` varchar(10) not null,
    -> primary key (`id`)
    -> );
Query OK, 0 rows affected (0,04 sec)

mysql> show tables from mans_friends;
+------------------------+
| Tables_in_mans_friends |
+------------------------+
| animals                |
| cats                   |
| dogs                   |
| donkeys                |
| hamsters               |
| horses                 |
| horses_donkeys         |
+------------------------+
7 rows in set (0,01 sec)

mysql> insert into `horses_donkeys` (`name`, `commands`, `birthday`, `animal_class_id`, `species`)
    -> select `name`, `commands`, `birthday`, `animals_class_id`, 'horse' as `species`
    -> from `horses`;
Query OK, 3 rows affected (0,02 sec)
Records: 3  Duplicates: 0  Warnings: 0

mysql> 
mysql> 
mysql> select * from horses_donkeys;
+----+---------+--------------+------------+-----------------+---------+
| id | name    | commands     | birthday   | animal_class_id | species |
+----+---------+--------------+------------+-----------------+---------+
|  1 | Barbaro | Gallop, Jump | 2020-08-09 |               2 | horse   |
|  2 | Whisky  | Gallop, Trot | 2021-07-19 |               2 | horse   |
|  3 | Took    | Gallop       | 2022-11-22 |               2 | horse   |
+----+---------+--------------+------------+-----------------+---------+
3 rows in set (0,00 sec)

mysql> insert into `horses_donkeys` (`name`, `commands`, `birthday`, `animal_class_id`, `species`)
    -> select `name`, `commands`, `birthday`, `animals_class_id`, 'donkey' as `species`
    -> from `donkeys`;
Query OK, 2 rows affected (0,02 sec)
Records: 2  Duplicates: 0  Warnings: 0

mysql> select * from horses_donkeys;
+----+---------+--------------+------------+-----------------+---------+
| id | name    | commands     | birthday   | animal_class_id | species |
+----+---------+--------------+------------+-----------------+---------+
|  1 | Barbaro | Gallop, Jump | 2020-08-09 |               2 | horse   |
|  2 | Whisky  | Gallop, Trot | 2021-07-19 |               2 | horse   |
|  3 | Took    | Gallop       | 2022-11-22 |               2 | horse   |
|  4 | Bob     | Carry        | 2021-11-12 |               2 | donkey  |
|  5 | Moon    | Follow       | 2021-10-23 |               2 | donkey  |
+----+---------+--------------+------------+-----------------+---------+
5 rows in set (0,00 sec)



Task 11:
mysql> create table `young_animals` (
    -> id int unsigned not null auto_increment primary key,
    -> `name` varchar(50) not null,
    -> `species` varchar(20) not null,
    -> `age_months` int not null
    -> );
Query OK, 0 rows affected (0,04 sec)

mysql> show tables from mans_friends;
+------------------------+
| Tables_in_mans_friends |
+------------------------+
| animals                |
| cats                   |
| dogs                   |
| donkeys                |
| hamsters               |
| horses                 |
| horses_donkeys         |
| young_animals          |
+------------------------+
8 rows in set (0,00 sec)

mysql> insert into `young_animals` (`name`, `species`, `age_months`)
    -> select `name`, 'dog' as `species`, timestampdiff(month, `birthday`, curdate()) as `age_months`
    -> from `dogs`
    -> where `birthday` <= date_sub(curdate(), interval 1 year) and `birthday` >= date_sub(curdate(), interval 3 year);
Query OK, 1 row affected (0,02 sec)
Records: 1  Duplicates: 0  Warnings: 0

mysql> select * from young_animals;
+----+-------+---------+------------+
| id | name  | species | age_months |
+----+-------+---------+------------+
|  1 | Doony | dog     |         29 |
+----+-------+---------+------------+
1 row in set (0,00 sec)

mysql> insert into `young_animals` (`name`, `species`, `age_months`)
    -> select `name`, 'cat' as `species`, timestampdiff(month, `birthday`, curdate()) as `age_months`
    -> from `cats`
    -> where `birthday` <= date_sub(curdate(), interval 1 year) and `birthday` >= date_sub(curdate(), interval 3 year);
Query OK, 1 row affected (0,02 sec)
Records: 1  Duplicates: 0  Warnings: 0

mysql> select * from young_animals;
+----+-------+---------+------------+
| id | name  | species | age_months |
+----+-------+---------+------------+
|  1 | Doony | dog     |         29 |
|  2 | Axel  | cat     |         22 |
+----+-------+---------+------------+
2 rows in set (0,00 sec)

mysql> insert into `young_animals` (`name`, `species`, `age_months`)
    -> select `name`, 'donkey' as `species`, timestampdiff(month, `birthday`, curdate()) as `age_months`
    -> from `donkeys`
    -> where `birthday` <= date_sub(curdate(), interval 1 year) and `birthday` >= date_sub(curdate(), interval 3 year);
Query OK, 2 rows affected (0,02 sec)
Records: 2  Duplicates: 0  Warnings: 0

mysql> select * from young_animals;
+----+-------+---------+------------+
| id | name  | species | age_months |
+----+-------+---------+------------+
|  1 | Doony | dog     |         29 |
|  2 | Axel  | cat     |         22 |
|  3 | Bob   | donkey  |         21 |
|  4 | Moon  | donkey  |         22 |
+----+-------+---------+------------+
4 rows in set (0,00 sec)

mysql> insert into `young_animals` (`name`, `species`, `age_months`)
    -> select `name`, 'hamster' as `species`, timestampdiff(month, `birthday`, curdate()) as `age_months`
    -> from `hamsters`
    -> where `birthday` <= date_sub(curdate(), interval 1 year) and `birthday` >= date_sub(curdate(), interval 3 year);
Query OK, 0 rows affected (0,00 sec)
Records: 0  Duplicates: 0  Warnings: 0

mysql> select * from young_animals;
+----+-------+---------+------------+
| id | name  | species | age_months |
+----+-------+---------+------------+
|  1 | Doony | dog     |         29 |
|  2 | Axel  | cat     |         22 |
|  3 | Bob   | donkey  |         21 |
|  4 | Moon  | donkey  |         22 |
+----+-------+---------+------------+
4 rows in set (0,00 sec)

mysql> insert into `young_animals` (`name`, `species`, `age_months`)
    -> select `name`, 'horse' as `species`, timestampdiff(month, `birthday`, curdate()) as `age_months`
    -> from `horses`
    -> where `birthday` <= date_sub(curdate(), interval 1 year) and `birthday` >= date_sub(curdate(), interval 3 year);
Query OK, 1 row affected (0,01 sec)
Records: 1  Duplicates: 0  Warnings: 0

mysql> select * from young_animals;
+----+--------+---------+------------+
| id | name   | species | age_months |
+----+--------+---------+------------+
|  1 | Doony  | dog     |         29 |
|  2 | Axel   | cat     |         22 |
|  3 | Bob    | donkey  |         21 |
|  4 | Moon   | donkey  |         22 |
|  6 | Whisky | horse   |         25 |
+----+--------+---------+------------+
5 rows in set (0,00 sec)



Task 12:
mysql> create table `all_animals` (
    -> id int unsigned not null auto_increment unique,
    -> `name` varchar(50) not null,
    -> `commands` varchar(100) not null,
    -> `birthday` date not null,
    -> `animals_class_id` int unsigned not null,
    -> `source_table` varchar(20) not null,
    -> primary key (`id`)
    -> );
Query OK, 0 rows affected (0,05 sec)

mysql> show tables from mans_friends;
+------------------------+
| Tables_in_mans_friends |
+------------------------+
| all_animals            |
| animals                |
| cats                   |
| dogs                   |
| donkeys                |
| hamsters               |
| horses                 |
| horses_donkeys         |
| young_animals          |
+------------------------+
9 rows in set (0,00 sec)

mysql> insert into `all_animals` (`name`, `commands`, `birthday`, `animals_class_id`, `source_table`)
    -> select `name`, `commands`, `birthday`, `animals_class_id`, 'dogs' as `source_table`
    -> from `dogs`;
Query OK, 3 rows affected (0,02 sec)
Records: 3  Duplicates: 0  Warnings: 0

mysql> select * from all_animals;
+----+-------+------------------+------------+------------------+--------------+
| id | name  | commands         | birthday   | animals_class_id | source_table |
+----+-------+------------------+------------+------------------+--------------+
|  1 | Jimbo | Sit, Stay, Fetch | 2020-05-15 |                1 | dogs         |
|  2 | Doony | Speak, Catch     | 2021-03-25 |                1 | dogs         |
|  3 | Mars  | Sit              | 2023-01-10 |                1 | dogs         |
+----+-------+------------------+------------+------------------+--------------+
3 rows in set (0,00 sec)

mysql> insert into `all_animals` (`name`, `commands`, `birthday`, `animals_class_id`, `source_table`)
    -> select `name`, `commands`, `birthday`, `animals_class_id`, 'cats' as `source_table`
    -> from `cats`;
Query OK, 3 rows affected (0,02 sec)
Records: 3  Duplicates: 0  Warnings: 0

mysql> select * from all_animals;
+----+-------+------------------+------------+------------------+--------------+
| id | name  | commands         | birthday   | animals_class_id | source_table |
+----+-------+------------------+------------+------------------+--------------+
|  1 | Jimbo | Sit, Stay, Fetch | 2020-05-15 |                1 | dogs         |
|  2 | Doony | Speak, Catch     | 2021-03-25 |                1 | dogs         |
|  3 | Mars  | Sit              | 2023-01-10 |                1 | dogs         |
|  4 | Mikka | Eat, Sleep       | 2020-06-16 |                1 | cats         |
|  5 | Axel  | Eat, Play        | 2021-10-21 |                1 | cats         |
|  6 | Eva   | Eat              | 2023-04-14 |                1 | cats         |
+----+-------+------------------+------------+------------------+--------------+
6 rows in set (0,00 sec)

mysql> insert into `all_animals` (`name`, `commands`, `birthday`, `animals_class_id`, `source_table`)
    -> select `name`, `commands`, `birthday`, `animals_class_id`, 'hamsters' as `source_table`
    -> from `hamsters`;
Query OK, 2 rows affected (0,02 sec)
Records: 2  Duplicates: 0  Warnings: 0

mysql> select * from all_animals;
+----+-------+------------------+------------+------------------+--------------+
| id | name  | commands         | birthday   | animals_class_id | source_table |
+----+-------+------------------+------------+------------------+--------------+
|  1 | Jimbo | Sit, Stay, Fetch | 2020-05-15 |                1 | dogs         |
|  2 | Doony | Speak, Catch     | 2021-03-25 |                1 | dogs         |
|  3 | Mars  | Sit              | 2023-01-10 |                1 | dogs         |
|  4 | Mikka | Eat, Sleep       | 2020-06-16 |                1 | cats         |
|  5 | Axel  | Eat, Play        | 2021-10-21 |                1 | cats         |
|  6 | Eva   | Eat              | 2023-04-14 |                1 | cats         |
|  7 | Homm  | Run              | 2023-02-11 |                1 | hamsters     |
|  8 | Cony  | Sleep            | 2023-02-11 |                1 | hamsters     |
+----+-------+------------------+------------+------------------+--------------+
8 rows in set (0,00 sec)

mysql> insert into `all_animals` (`name`, `commands`, `birthday`, `animals_class_id`, `source_table`)
    -> select `name`, `commands`, `birthday`, `animals_class_id`, 'donkeys' as `source_table`
    -> from `donkeys`;
Query OK, 2 rows affected (0,01 sec)
Records: 2  Duplicates: 0  Warnings: 0

mysql> select * from all_animals;
+----+-------+------------------+------------+------------------+--------------+
| id | name  | commands         | birthday   | animals_class_id | source_table |
+----+-------+------------------+------------+------------------+--------------+
|  1 | Jimbo | Sit, Stay, Fetch | 2020-05-15 |                1 | dogs         |
|  2 | Doony | Speak, Catch     | 2021-03-25 |                1 | dogs         |
|  3 | Mars  | Sit              | 2023-01-10 |                1 | dogs         |
|  4 | Mikka | Eat, Sleep       | 2020-06-16 |                1 | cats         |
|  5 | Axel  | Eat, Play        | 2021-10-21 |                1 | cats         |
|  6 | Eva   | Eat              | 2023-04-14 |                1 | cats         |
|  7 | Homm  | Run              | 2023-02-11 |                1 | hamsters     |
|  8 | Cony  | Sleep            | 2023-02-11 |                1 | hamsters     |
| 10 | Bob   | Carry            | 2021-11-12 |                2 | donkeys      |
| 11 | Moon  | Follow           | 2021-10-23 |                2 | donkeys      |
+----+-------+------------------+------------+------------------+--------------+
10 rows in set (0,00 sec)

mysql> insert into `all_animals` (`name`, `commands`, `birthday`, `animals_class_id`, `source_table`)
    -> select `name`, `commands`, `birthday`, `animals_class_id`, 'horses' as `source_table`
    -> from `horses`;
Query OK, 3 rows affected (0,02 sec)
Records: 3  Duplicates: 0  Warnings: 0

mysql> select * from all_animals;
+----+---------+------------------+------------+------------------+--------------+
| id | name    | commands         | birthday   | animals_class_id | source_table |
+----+---------+------------------+------------+------------------+--------------+
|  1 | Jimbo   | Sit, Stay, Fetch | 2020-05-15 |                1 | dogs         |
|  2 | Doony   | Speak, Catch     | 2021-03-25 |                1 | dogs         |
|  3 | Mars    | Sit              | 2023-01-10 |                1 | dogs         |
|  4 | Mikka   | Eat, Sleep       | 2020-06-16 |                1 | cats         |
|  5 | Axel    | Eat, Play        | 2021-10-21 |                1 | cats         |
|  6 | Eva     | Eat              | 2023-04-14 |                1 | cats         |
|  7 | Homm    | Run              | 2023-02-11 |                1 | hamsters     |
|  8 | Cony    | Sleep            | 2023-02-11 |                1 | hamsters     |
| 10 | Bob     | Carry            | 2021-11-12 |                2 | donkeys      |
| 11 | Moon    | Follow           | 2021-10-23 |                2 | donkeys      |
| 13 | Barbaro | Gallop, Jump     | 2020-08-09 |                2 | horses       |
| 14 | Whisky  | Gallop, Trot     | 2021-07-19 |                2 | horses       |
| 15 | Took    | Gallop           | 2022-11-22 |                2 | horses       |
+----+---------+------------------+------------+------------------+--------------+
13 rows in set (0,00 sec)

