Task 9:
mysql> insert into `mans_friends`.`animals` (`id`, `animals_class`) values ('1', 'pet'), ('2', 'pack');
Query OK, 2 rows affected (0,02 sec)
Records: 2  Duplicates: 0  Warnings: 0

mysql> insert into `mans_friends`.`dogs` (`name`, `commands`, `birthday`, `animals_class_id`) values
    -> ('Jimbo', 'Sit, Stay, Fetch', '2020-05-15', 1),
    -> ('Doony', 'Speak, Catch', '2021-03-25', 1),
    -> ('Mars', 'Sit', '2023-01-10', 1);
Query OK, 3 rows affected (0,02 sec)
Records: 3  Duplicates: 0  Warnings: 0

mysql> select * from dogs;
+----+-------+------------------+------------+------------------+
| id | name  | commands         | birthday   | animals_class_id |
+----+-------+------------------+------------+------------------+
|  1 | Jimbo | Sit, Stay, Fetch | 2020-05-15 |                1 |
|  2 | Doony | Speak, Catch     | 2021-03-25 |                1 |
|  3 | Mars  | Sit              | 2023-01-10 |                1 |
+----+-------+------------------+------------+------------------+
3 rows in set (0,00 sec)

mysql> insert into `mans_friends`.`cats` (`name`, `commands`, `birthday`, `animals_class_id`) values
    -> ('Mikka', 'Eat, Sleep', '2020-06-16', 1),
    -> ('Axel', 'Eat, Play', '2021-10-21', 1),
    -> ('Eva', 'Eat', '2023-04-14', 1);
Query OK, 3 rows affected (0,03 sec)
Records: 3  Duplicates: 0  Warnings: 0

mysql> select * from cats;
+----+-------+------------+------------+------------------+
| id | name  | commands   | birthday   | animals_class_id |
+----+-------+------------+------------+------------------+
|  1 | Mikka | Eat, Sleep | 2020-06-16 |                1 |
|  2 | Axel  | Eat, Play  | 2021-10-21 |                1 |
|  3 | Eva   | Eat        | 2023-04-14 |                1 |
+----+-------+------------+------------+------------------+
3 rows in set (0,00 sec)

mysql> insert into `mans_friends`.`hamsters` (`name`, `commands`, `birthday`, `animals_class_id`) values
    -> ('Homm', 'Run', '2023-02-11', 1),
    -> ('Cony', 'Sleep', '2023-02-11', 1);
Query OK, 2 rows affected (0,03 sec)
Records: 2  Duplicates: 0  Warnings: 0

mysql> select * from hamsters;
+----+------+----------+------------+------------------+
| id | name | commands | birthday   | animals_class_id |
+----+------+----------+------------+------------------+
|  1 | Homm | Run      | 2023-02-11 |                1 |
|  2 | Cony | Sleep    | 2023-02-11 |                1 |
+----+------+----------+------------+------------------+
2 rows in set (0,00 sec)

mysql> insert into `mans_friends`.`horses` (`name`, `commands`, `birthday`, `animals_class_id`) values
    -> ('Barbaro', 'Gallop, Jump', '2020-08-09', 2),
    -> ('Whisky', 'Gallop, Trot', '2021-07-19', 2),
    -> ('Took', 'Gallop', '2022-11-22', 2);
Query OK, 3 rows affected (0,02 sec)
Records: 3  Duplicates: 0  Warnings: 0

mysql> select * from horses;
+----+---------+--------------+------------+------------------+
| id | name    | commands     | birthday   | animals_class_id |
+----+---------+--------------+------------+------------------+
|  1 | Barbaro | Gallop, Jump | 2020-08-09 |                2 |
|  2 | Whisky  | Gallop, Trot | 2021-07-19 |                2 |
|  3 | Took    | Gallop       | 2022-11-22 |                2 |
+----+---------+--------------+------------+------------------+
3 rows in set (0,01 sec)

mysql> insert into `mans_friends`.`camels` (`name`, `commands`, `birthday`, `animals_class_id`) values
    -> ('Azur', 'Gallop', '2021-09-08', 2),
    -> ('Jam', 'Run', '2022-04-03', 2);
Query OK, 2 rows affected (0,02 sec)
Records: 2  Duplicates: 0  Warnings: 0

mysql> select * from camels;
+----+------+----------+------------+------------------+
| id | name | commands | birthday   | animals_class_id |
+----+------+----------+------------+------------------+
|  1 | Azur | Gallop   | 2021-09-08 |                2 |
|  2 | Jam  | Run      | 2022-04-03 |                2 |
+----+------+----------+------------+------------------+
2 rows in set (0,00 sec)

mysql> insert into `mans_friends`.`donkeys` (`name`, `commands`, `birthday`, `animals_class_id`) values
    -> ('Bob', 'Carry', '2021-11-12', 2),
    -> ('Moon', 'Follow', '2021-10-23', 2);
Query OK, 2 rows affected (0,02 sec)
Records: 2  Duplicates: 0  Warnings: 0

mysql> select * from donkeys;
+----+------+----------+------------+------------------+
| id | name | commands | birthday   | animals_class_id |
+----+------+----------+------------+------------------+
|  1 | Bob  | Carry    | 2021-11-12 |                2 |
|  2 | Moon | Follow   | 2021-10-23 |                2 |
+----+------+----------+------------+------------------+
2 rows in set (0,00 sec)
