Task 12:
mysql> create table `all_animals` (
    -> id int unsigned not null auto_increment unique,
    -> `name` varchar(50) not null,
    -> `commands` varchar(100) not null,
    -> `birthday` date not null,
    -> `animals_class_id` int unsigned not null,
    -> `source_table` varchar(20) not null,
    -> primary key (`id`)
    -> );
Query OK, 0 rows affected (0,05 sec)

mysql> show tables from mans_friends;
+------------------------+
| Tables_in_mans_friends |
+------------------------+
| all_animals            |
| animals                |
| cats                   |
| dogs                   |
| donkeys                |
| hamsters               |
| horses                 |
| horses_donkeys         |
| young_animals          |
+------------------------+
9 rows in set (0,00 sec)

mysql> insert into `all_animals` (`name`, `commands`, `birthday`, `animals_class_id`, `source_table`)
    -> select `name`, `commands`, `birthday`, `animals_class_id`, 'dogs' as `source_table`
    -> from `dogs`;
Query OK, 3 rows affected (0,02 sec)
Records: 3  Duplicates: 0  Warnings: 0

mysql> select * from all_animals;
+----+-------+------------------+------------+------------------+--------------+
| id | name  | commands         | birthday   | animals_class_id | source_table |
+----+-------+------------------+------------+------------------+--------------+
|  1 | Jimbo | Sit, Stay, Fetch | 2020-05-15 |                1 | dogs         |
|  2 | Doony | Speak, Catch     | 2021-03-25 |                1 | dogs         |
|  3 | Mars  | Sit              | 2023-01-10 |                1 | dogs         |
+----+-------+------------------+------------+------------------+--------------+
3 rows in set (0,00 sec)

mysql> insert into `all_animals` (`name`, `commands`, `birthday`, `animals_class_id`, `source_table`)
    -> select `name`, `commands`, `birthday`, `animals_class_id`, 'cats' as `source_table`
    -> from `cats`;
Query OK, 3 rows affected (0,02 sec)
Records: 3  Duplicates: 0  Warnings: 0

mysql> select * from all_animals;
+----+-------+------------------+------------+------------------+--------------+
| id | name  | commands         | birthday   | animals_class_id | source_table |
+----+-------+------------------+------------+------------------+--------------+
|  1 | Jimbo | Sit, Stay, Fetch | 2020-05-15 |                1 | dogs         |
|  2 | Doony | Speak, Catch     | 2021-03-25 |                1 | dogs         |
|  3 | Mars  | Sit              | 2023-01-10 |                1 | dogs         |
|  4 | Mikka | Eat, Sleep       | 2020-06-16 |                1 | cats         |
|  5 | Axel  | Eat, Play        | 2021-10-21 |                1 | cats         |
|  6 | Eva   | Eat              | 2023-04-14 |                1 | cats         |
+----+-------+------------------+------------+------------------+--------------+
6 rows in set (0,00 sec)

mysql> insert into `all_animals` (`name`, `commands`, `birthday`, `animals_class_id`, `source_table`)
    -> select `name`, `commands`, `birthday`, `animals_class_id`, 'hamsters' as `source_table`
    -> from `hamsters`;
Query OK, 2 rows affected (0,02 sec)
Records: 2  Duplicates: 0  Warnings: 0

mysql> select * from all_animals;
+----+-------+------------------+------------+------------------+--------------+
| id | name  | commands         | birthday   | animals_class_id | source_table |
+----+-------+------------------+------------+------------------+--------------+
|  1 | Jimbo | Sit, Stay, Fetch | 2020-05-15 |                1 | dogs         |
|  2 | Doony | Speak, Catch     | 2021-03-25 |                1 | dogs         |
|  3 | Mars  | Sit              | 2023-01-10 |                1 | dogs         |
|  4 | Mikka | Eat, Sleep       | 2020-06-16 |                1 | cats         |
|  5 | Axel  | Eat, Play        | 2021-10-21 |                1 | cats         |
|  6 | Eva   | Eat              | 2023-04-14 |                1 | cats         |
|  7 | Homm  | Run              | 2023-02-11 |                1 | hamsters     |
|  8 | Cony  | Sleep            | 2023-02-11 |                1 | hamsters     |
+----+-------+------------------+------------+------------------+--------------+
8 rows in set (0,00 sec)

mysql> insert into `all_animals` (`name`, `commands`, `birthday`, `animals_class_id`, `source_table`)
    -> select `name`, `commands`, `birthday`, `animals_class_id`, 'donkeys' as `source_table`
    -> from `donkeys`;
Query OK, 2 rows affected (0,01 sec)
Records: 2  Duplicates: 0  Warnings: 0

mysql> select * from all_animals;
+----+-------+------------------+------------+------------------+--------------+
| id | name  | commands         | birthday   | animals_class_id | source_table |
+----+-------+------------------+------------+------------------+--------------+
|  1 | Jimbo | Sit, Stay, Fetch | 2020-05-15 |                1 | dogs         |
|  2 | Doony | Speak, Catch     | 2021-03-25 |                1 | dogs         |
|  3 | Mars  | Sit              | 2023-01-10 |                1 | dogs         |
|  4 | Mikka | Eat, Sleep       | 2020-06-16 |                1 | cats         |
|  5 | Axel  | Eat, Play        | 2021-10-21 |                1 | cats         |
|  6 | Eva   | Eat              | 2023-04-14 |                1 | cats         |
|  7 | Homm  | Run              | 2023-02-11 |                1 | hamsters     |
|  8 | Cony  | Sleep            | 2023-02-11 |                1 | hamsters     |
| 10 | Bob   | Carry            | 2021-11-12 |                2 | donkeys      |
| 11 | Moon  | Follow           | 2021-10-23 |                2 | donkeys      |
+----+-------+------------------+------------+------------------+--------------+
10 rows in set (0,00 sec)

mysql> insert into `all_animals` (`name`, `commands`, `birthday`, `animals_class_id`, `source_table`)
    -> select `name`, `commands`, `birthday`, `animals_class_id`, 'horses' as `source_table`
    -> from `horses`;
Query OK, 3 rows affected (0,02 sec)
Records: 3  Duplicates: 0  Warnings: 0

mysql> select * from all_animals;
+----+---------+------------------+------------+------------------+--------------+
| id | name    | commands         | birthday   | animals_class_id | source_table |
+----+---------+------------------+------------+------------------+--------------+
|  1 | Jimbo   | Sit, Stay, Fetch | 2020-05-15 |                1 | dogs         |
|  2 | Doony   | Speak, Catch     | 2021-03-25 |                1 | dogs         |
|  3 | Mars    | Sit              | 2023-01-10 |                1 | dogs         |
|  4 | Mikka   | Eat, Sleep       | 2020-06-16 |                1 | cats         |
|  5 | Axel    | Eat, Play        | 2021-10-21 |                1 | cats         |
|  6 | Eva     | Eat              | 2023-04-14 |                1 | cats         |
|  7 | Homm    | Run              | 2023-02-11 |                1 | hamsters     |
|  8 | Cony    | Sleep            | 2023-02-11 |                1 | hamsters     |
| 10 | Bob     | Carry            | 2021-11-12 |                2 | donkeys      |
| 11 | Moon    | Follow           | 2021-10-23 |                2 | donkeys      |
| 13 | Barbaro | Gallop, Jump     | 2020-08-09 |                2 | horses       |
| 14 | Whisky  | Gallop, Trot     | 2021-07-19 |                2 | horses       |
| 15 | Took    | Gallop           | 2022-11-22 |                2 | horses       |
+----+---------+------------------+------------+------------------+--------------+
13 rows in set (0,00 sec)

mysql> exit
Bye